,fullname,points,position
0,Adam Vinatieri,126.0,K
1,Phil Dawson,31.0,K
2,Sebastian Janikowski,128.0,K
3,Tom Brady,291.3,QB
4,Drew Brees,308.98,QB
5,Josh McCown,24.76,QB
6,Matt Bryant,108.0,K
7,Jason Witten,0.0,TE
8,Antonio Gates,47.3,TE
9,Eli Manning,250.96,QB
10,Larry Fitzgerald,116.68,WR
11,Philip Rivers,297.02,QB
12,Ben Roethlisberger,356.86,QB
13,Benjamin Watson,52.0,TE
14,Matt Schaub,0.1,QB
15,Alex Smith,143.0,QB
16,Aaron Rodgers,314.58,QB
17,Mike Nugent,26.0,K
18,Frank Gore,90.6,RB
19,Darren Sproles,46.0,RB
20,Derek Anderson,10.5,QB
21,Matt Cassel,2.66,QB
22,Ryan Fitzpatrick,177.84,QB
23,Nick Novak,0.0,K
24,Robbie Gould,139.0,K
25,Vernon Davis,50.7,TE
26,Jay Cutler,0.0,QB
27,Marcedes Lewis,3.9,TE
28,Kellen Clemens,0.0,QB
29,Anthony Fasano,0.0,TE
30,Stephen Gostkowski,138.0,K
31,Brandon Marshall,19.6,WR
32,Delanie Walker,5.2,TE
33,Adrian Peterson,169.0,RB
34,Ted Ginn Jr.,35.5,WR
35,Marshawn Lynch,64.0,RB
36,Greg Olsen,53.1,TE
37,Drew Stanton,0.0,QB
38,Brent Celek,0.0,TE
39,Nick Folk,0.0,K
40,Mason Crosby,145.0,K
41,Clark Harris,0.0,TE
42,Matt Moore,0.0,QB
43,Matt Prater,129.32,K
44,Eric Weems,0.0,WR
45,Matt Ryan,360.96,QB
46,Jonathan Stewart,1.7,RB
47,Joe Flacco,143.1,QB
48,Jordy Nelson,93.7,WR
49,DeSean Jackson,110.3,WR
50,Chad Henne,1.46,QB
51,Jamaal Charles,1.4,RB
52,Harry Douglas,0.0,WR
53,Matthew Slater,0.0,WR
54,Josh Johnson,53.6,QB
55,Pierre Garcon,34.6,WR
56,Danny Amendola,68.42,WR
57,Mike Tolbert,0.0,RB
58,Stephen Hauschka,106.0,K
59,Matthew Stafford,223.18,QB
60,Mark Sanchez,3.32,QB
61,Darrius Heyward-Bey,0.2,WR
62,Michael Crabtree,78.7,WR
63,Jeremy Maclin,0.0,WR
64,Kenny Britt,0.0,WR
65,LeSean McCoy,93.2,RB
66,Brandon Tate,0.0,WR
67,Mike Wallace,0.0,WR
68,Jared Cook,125.6,TE
69,Louis Murphy,0.0,WR
70,Zach Miller,0.0,TE
71,Cedric Peerman,0.0,RB
72,John Phillips,3.8,TE
73,Julian Edelman,133.42,WR
74,Ryan Succop,117.0,K
75,Graham Gano,82.0,K
76,Brian Hoyer,-0.52,QB
77,Chase Daniel,31.7,QB
78,Sam Bradford,16.7,QB
79,Jermaine Gresham,7.4,TE
80,Demaryius Thomas,97.7,WR
81,Dez Bryant,0.0,WR
82,Arrelious Benn,0.0,WR
83,Rob Gronkowski,84.2,TE
84,Golden Tate,108.9,WR
85,Ed Dickson,33.2,TE
86,Brandon LaFell,25.5,WR
87,Emmanuel Sanders,127.22,WR
88,Colt McCoy,30.18,QB
89,Eric Decker,0.0,WR
90,Andre Roberts,25.9,WR
91,Jimmy Graham,75.6,TE
92,Clay Harbor,0.0,TE
93,Michael Hoomanawanui,0.0,TE
94,Antonio Brown,219.7,WR
95,Joe Webb III,1.3,QB
96,Jeff Cumberland,0.0,TE
97,LeGarrette Blount,76.5,RB
98,Chris Ivory,65.0,RB
99,Logan Paulsen,15.1,TE
100,James Develin,30.9,RB
101,Cam Newton,295.6,QB
102,A.J. Green,103.4,WR
103,Julio Jones,212.9,WR
104,Blaine Gabbert,37.04,QB
105,Mark Ingram,121.5,RB
106,Andy Dalton,185.54,QB
107,Kyle Rudolph,87.4,TE
108,Lance Kendricks,23.0,TE
109,Shane Vereen,0.0,RB
110,Torrey Smith,33.0,WR
111,Greg Little,0.0,WR
112,Randall Cobb,48.3,WR
113,DeMarco Murray,0.0,RB
114,Stevan Ridley,11.8,RB
115,Ryan Mallett,0.0,QB
116,Luke Stocker,28.5,TE
117,Taiwan Jones,0.0,RB
118,Bilal Powell,49.3,RB
119,Julius Thomas,0.0,TE
120,Anthony Sherman,15.8,RB
121,Jacquizz Rodgers,45.0,RB
122,Dion Lewis,101.7,RB
123,T.J. Yates,0.0,QB
124,Jeremy Kerley,0.7,WR
125,Niles Paul,9.5,TE
126,Lee Smith,25.3,TE
127,Charles Clay,16.4,TE
128,Dwayne Harris,11.2,WR
129,Aldrick Robinson,53.1,WR
130,Tyrod Taylor,43.42,QB
131,Jordan Todman,0.0,RB
132,Virgil Green,27.0,TE
133,Doug Baldwin,91.8,WR
134,Dontrelle Inman,48.4,WR
135,Patrick DiMarco,7.1,RB
136,Scott Tolzien,0.0,QB
137,Chris Hogan,71.2,WR
138,Andre Holmes,16.2,WR
139,Kyle Nelson,0.0,TE
140,Patrick Scales,0.0,TE
141,Kamar Aiken,5.3,WR
142,Dan Bailey,99.0,K
143,Kai Forbath,16.0,K
144,Terrelle Pryor,37.1,WR
145,Andrew Luck,341.92,QB
146,Robert Griffin III,0.84,QB
147,Ryan Tannehill,150.96,QB
148,Michael Floyd,18.0,WR
149,Kendall Wright,0.0,WR
150,Brandon Weeden,-0.1,QB
151,Doug Martin,101.9,RB
152,Brian Quick,1.8,WR
153,Coby Fleener,0.0,TE
154,Alshon Jeffery,120.3,WR
155,Brock Osweiler,71.98,QB
156,Dwayne Allen,2.7,TE
157,DeVier Posey,0.0,WR
158,Russell Wilson,305.42,QB
159,Mohamed Sanu,116.4,WR
160,Nick Foles,79.22,QB
161,T.Y. Hilton,163.0,WR
162,Lamar Miller,147.6,RB
163,Travis Benjamin,28.7,WR
164,Kirk Cousins,292.12,QB
165,Robert Turbin,-0.7,RB
166,Orson Charles,2.3,TE
167,Jarius Wright,54.6,WR
168,Rhett Ellison,35.2,TE
169,Randy Bullock,106.0,K
170,Marvin Jones Jr.,80.8,WR
171,Greg Zuerlein,128.0,K
172,Alfred Morris,60.1,RB
173,Blair Walsh,0.0,K
174,James Hanna,0.0,TE
175,Rishard Matthews,2.4,WR
176,Brittan Golden,0.0,WR
177,Jermaine Kearse,43.1,WR
178,Sean McGrath,0.0,TE
179,Beau Brinkley,0.0,TE
180,Travaris Cadet,2.2,RB
181,Cole Beasley,85.2,WR
182,Lance Dunbar,0.0,RB
183,Brenton Bersin,0.0,WR
184,Josh Bellamy,19.7,WR
185,Griff Whalen,0.0,WR
186,Garrett Celek,21.0,TE
187,Giorgio Tavecchio,29.0,K
188,Derrick Coleman,2.0,RB
189,Austin Davis,0.0,QB
190,Brandon Bolden,26.4,RB
191,Derek Carrier,12.7,TE
192,Rod Streater,-1.1,WR
193,Deonte Thompson,16.1,WR
194,Case Keenum,229.9,QB
195,Phillip Supernaw,0.0,TE
196,Justin Tucker,160.0,K
197,Jamize Olawale,1.3,RB
198,Alex Tanney,0.0,QB
199,Josh Gordon,97.7,WR
200,Andrew DePaola,0.0,TE
201,Fozzy Whittaker,0.0,RB
202,Austin Johnson,0.0,RB
203,Darren Fells,29.7,TE
204,Tavon Austin,31.5,WR
205,EJ Manuel,0.0,QB
206,Tyler Eifert,23.9,TE
207,DeAndre Hopkins,218.5,WR
208,Cordarrelle Patterson,75.5,WR
209,Justin Hunter,2.1,WR
210,Zach Ertz,164.3,TE
211,Giovani Bernard,60.9,RB
212,Geno Smith,-1.48,QB
213,Robert Woods,179.6,WR
214,Gavin Escobar,0.0,TE
215,Le'Veon Bell,0.0,RB
216,Vance McDonald,83.0,TE
217,Eddie Lacy,0.0,RB
218,Christine Michael,0.9,RB
219,Travis Kelce,191.6,TE
220,Mike Glennon,10.96,QB
221,Terrance Williams,1.8,WR
222,Keenan Allen,163.1,WR
223,Marquise Goodwin,64.4,WR
224,Markus Wheaton,0.0,WR
225,Jordan Reed,65.8,TE
226,Knile Davis,0.0,RB
227,Matt Barkley,17.08,QB
228,Dion Sims,0.9,TE
229,Landry Jones,0.0,QB
230,Kyle Juszczyk,37.4,RB
231,Levine Toilolo,32.3,TE
232,Kenny Stills,97.42,WR
233,Chris Thompson,50.6,RB
234,Luke Willson,8.7,TE
235,Tavarres King,0.0,WR
236,Mike Gillislee,3.2,RB
237,Caleb Sturgis,39.0,K
238,Dustin Hopkins,121.0,K
239,Latavius Murray,109.9,RB
240,Kenjon Barner,7.4,RB
241,Mychal Rivera,0.0,TE
242,Andre Ellington,0.0,RB
243,Mike James,0.0,RB
244,Rex Burkhead,35.7,RB
245,Spencer Ware,59.0,RB
246,Cobi Hamilton,0.0,WR
247,Theo Riddick,55.5,RB
248,Ryan Griffin,30.5,TE
249,Brice Butler,12.0,WR
250,Tommy Bohanon,4.1,RB
251,Charles Johnson,0.0,WR
252,Chris Gragg,0.0,TE
253,Kerwynn Williams,0.0,RB
254,Marquess Wilson,0.0,WR
255,C.J. Anderson,62.4,RB
256,Ryan Griffin,0.0,QB
257,Josh Hill,24.5,TE
258,Tim Wright,0.0,TE
259,Russell Shepard,30.8,WR
260,Jaron Brown,46.6,WR
261,Brandon Williams,0.0,TE
262,Brandon McManus,106.0,K
263,Zach Line,17.5,RB
264,Benny Cunningham,2.9,RB
265,Tyler Bray,0.0,QB
266,Demetrius Harris,34.4,TE
267,Nick Williams,1.7,WR
268,MarQueis Gray,0.0,TE
269,Kevin McDermott,0.0,TE
270,Adam Thielen,194.3,WR
271,Jack Doyle,34.5,TE
272,Rashad Ross,0.0,WR
273,George Winn,0.0,RB
274,Brett Maher,138.0,K
275,Marlon Brown,0.0,WR
276,Matt McGloin,0.0,QB
277,James Winchester,0.0,TE
278,Blake Bortles,184.22,QB
279,Sammy Watkins,75.1,WR
280,Mike Evans,204.4,WR
281,Eric Ebron,156.2,TE
282,Odell Beckham Jr.,153.34,WR
283,Brandin Cooks,163.2,WR
284,Kelvin Benjamin,44.0,WR
285,Teddy Bridgewater,8.22,QB
286,Derek Carr,225.76,QB
287,Austin Seferian-Jenkins,15.0,TE
288,Marqise Lee,0.0,WR
289,Jordan Matthews,42.0,WR
290,Paul Richardson Jr.,39.1,WR
291,Jace Amaro,0.0,TE
292,Troy Niklas,0.0,TE
293,Davante Adams,218.6,WR
294,Jeremy Hill,3.1,RB
295,Cody Latimer,25.0,WR
296,Carlos Hyde,88.4,RB
297,Allen Robinson II,98.3,WR
298,Jimmy Garoppolo,51.02,QB
299,Jarvis Landry,136.12,WR
300,C.J. Fiedorowicz,0.0,TE
301,Charles Sims,0.0,RB
302,Josh Huff,0.0,WR
303,Donte Moncrief,82.8,WR
304,John Brown,101.9,WR
305,Terrance West,0.0,RB
306,Jerick McKinnon,0.0,RB
307,Richard Rodgers,0.7,TE
308,Devonta Freeman,9.1,RB
309,Bruce Ellington,28.6,WR
310,Martavis Bryant,26.9,WR
311,Logan Thomas,8.3,TE
312,De'Anthony Thomas,9.5,WR
313,James White,189.6,RB
314,Tom Savage,0.0,QB
315,Ryan Grant,39.4,WR
316,AJ McCarron,0.12,QB
317,Alfred Blue,77.3,RB
318,David Fales,0.0,QB
319,TJ Jones,31.0,WR
320,Matt Hazel,0.0,WR
321,Quincy Enunwa,48.9,WR
322,Jay Prosch,0.0,RB
323,Garrett Gilbert,1.6,QB
324,Michael Campanaro,0.0,WR
325,Jeff Janis,0.0,WR
326,James Wright,0.0,WR
327,Trey Burton,93.1,TE
328,David Fluellen,1.6,RB
329,Kapri Bibbs,45.8,RB
330,Bennie Fowler,25.9,WR
331,Allen Hurns,41.5,WR
332,Stephen Morris,0.0,QB
333,Cody Parkey,122.0,K
334,Erik Swoope,26.7,TE
335,Brandon Coleman,0.0,WR
336,Je'Ron Hamm,0.0,TE
337,Seantavius Jones,0.0,WR
338,Philly Brown,0.0,WR
339,Marcus Lucas,0.0,TE
340,Jeremy Butler,0.0,WR
341,Isaiah Crowell,119.7,RB
342,Ryan Hewitt,6.1,TE
343,Willie Snead IV,72.4,WR
344,Charcandrick West,9.6,RB
345,Albert Wilson,70.78,WR
346,Freddie Martino,0.0,WR
347,Roosevelt Nix,4.2,RB
348,Bernard Reedy,0.0,WR
349,Chandler Catanzaro,84.0,K
350,Damien Williams,75.6,RB
351,Keith Smith,2.3,RB
352,Orleans Darkwa,0.0,RB
353,Xavier Grimble,6.6,TE
354,George Atkinson III,0.0,RB
355,Chris Boswell,93.08,K
356,Anthony Denham,0.0,TE
357,Seth Roberts,61.9,WR
358,Scott Simonson,14.6,TE
359,Tyler Ott,0.0,TE
360,Senorise Perry,0.0,RB
361,Cairo Santos,67.0,K
362,Taylor Gabriel,84.9,WR
363,Cameron Brate,62.9,TE
364,Branden Oliver,0.0,RB
365,Fitzgerald Toussaint,0.0,RB
366,Jerome Cunningham,0.0,TE
367,Chris Manhertz,11.2,TE
368,Jason Myers,151.0,K
369,Jameis Winston,209.78,QB
370,Marcus Mariota,182.92,QB
371,Amari Cooper,140.5,WR
372,Kevin White,9.2,WR
373,Todd Gurley II,313.1,RB
374,DeVante Parker,36.9,WR
375,Melvin Gordon III,225.5,RB
376,Nelson Agholor,101.4,WR
377,Breshad Perriman,46.2,WR
378,Phillip Dorsett,49.9,WR
379,T.J. Yeldon,118.1,RB
380,Devin Smith,0.0,WR
381,Devin Funchess,78.9,WR
382,Ameer Abdullah,0.9,RB
383,Maxx Williams,21.1,TE
384,Clive Walford,0.0,TE
385,Tyler Lockett,165.4,WR
386,Jaelen Strong,0.0,WR
387,Tevin Coleman,161.6,RB
388,Garrett Grayson,0.0,QB
389,Chris Conley,59.4,WR
390,Duke Johnson Jr.,85.0,RB
391,Tyler Kroft,3.6,TE
392,David Johnson,196.6,RB
393,Sammie Coates Jr.,1.2,WR
394,Sean Mannion,0.02,QB
395,Jeff Heuerman,40.1,TE
396,Ty Montgomery,46.3,RB
397,Matt Jones,0.0,RB
398,Bryce Petty,0.0,QB
399,Jamison Crowder,53.8,WR
400,Jeremy Langford,2.5,RB
401,Justin Hardy,25.3,WR
402,Jalston Fowler,0.0,RB
403,Blake Bell,6.7,TE
404,Vince Mayle,0.0,TE
405,Javorius Allen,58.6,RB
406,Mike Davis,102.8,RB
407,DeAndre Smelter,0.0,WR
408,Rashad Greene Sr.,4.0,WR
409,MyCole Pruitt,16.2,TE
410,Stefon Diggs,164.3,WR
411,Brett Hundley,0.0,QB
412,Jay Ajayi,38.4,RB
413,C.J. Uzomah,61.9,TE
414,J.J. Nelson,6.4,WR
415,Jesse James,54.3,TE
416,Kenny Bell,0.0,WR
417,Michael Burton,0.6,RB
418,Nick Boyle,21.3,TE
419,James O'Shaughnessy,21.4,TE
420,Cameron Artis-Payne,14.4,RB
421,Kaelin Clay,-2.0,WR
422,Geremy Davis,0.0,WR
423,Nick O'Leary,14.6,TE
424,Malcolm Johnson,0.0,RB
425,Randall Telfer,0.0,TE
426,A.J. Derby,10.8,TE
427,Darren Waller,9.6,TE
428,Aaron Ripkowski,0.0,RB
429,Neal Sterling,4.7,TE
430,Ben Koyack,0.0,TE
431,Marcus Murphy,27.6,RB
432,Tre McBride,0.0,WR
433,Geoff Swaim,30.2,TE
434,Trevor Siemian,0.0,QB
435,Rasheed Bailey,0.0,WR
436,Raheem Mostert,32.6,RB
437,Eric Tomlinson,7.2,TE
438,Eli Rogers,9.5,WR
439,Josh Lambo,87.0,K
440,Brian Parker,3.3,TE
441,Tyrell Williams,96.8,WR
442,Cameron Meredith,15.4,WR
443,Thomas Rawls,0.0,RB
444,Rod Smith,24.7,RB
445,Jordan Taylor,0.0,WR
446,Damiere Byrd,0.8,WR
447,Quan Bray,0.0,WR
448,Dres Anderson,0.0,WR
449,DeAndrew White,0.0,WR
450,Gannon Sinclair,0.0,TE
451,Shane Wynn,0.0,WR
452,Taylor Heinicke,16.9,QB
453,Jordan Leslie,0.0,WR
454,Corey Grant,10.7,RB
455,Trey Williams,0.0,RB
456,Akeem Hunt,0.0,RB
457,Matt LaCosse,31.0,TE
458,Zach Zenner,50.1,RB
459,Khari Lee,0.5,TE
460,John Crockett,0.0,RB
461,Wes Saxton,0.0,TE
462,DeAndre Carter,20.3,WR
463,Terrence Magee,0.0,RB
464,Gabe Holmes,0.0,TE
465,Jake Kumerow,16.3,WR
466,Matt Lengel,7.7,TE
467,Malcolm Brown,34.4,RB
468,Bradley Marquez,0.0,WR
469,Lucky Whitehead,0.0,WR
470,Darius Jennings,17.14,WR
471,Will Tye,0.0,TE
472,Tim Semisch,0.0,TE
473,Donteea Dye,0.0,WR
474,Adam Humphries,112.7,WR
475,Mack Brown,0.0,RB
476,Manasseh Garner,0.0,TE
477,Daniel Brown,0.0,TE
478,Kasen Williams,0.0,WR
479,Terrell Watson,0.0,RB
480,Bronson Hill,0.0,RB
481,Ross Travis,0.0,TE
482,Jared Goff,322.32,QB
483,Carson Wentz,199.66,QB
484,Ezekiel Elliott,252.1,RB
485,Corey Coleman,7.6,WR
486,Will Fuller V,74.3,WR
487,Josh Doctson,65.2,WR
488,Laquon Treadwell,36.2,WR
489,Paxton Lynch,0.0,QB
490,Hunter Henry,0.0,TE
491,Sterling Shepard,116.5,WR
492,Derrick Henry,186.36,RB
493,Michael Thomas,190.5,WR
494,Christian Hackenberg,0.0,QB
495,Tyler Boyd,145.1,WR
496,Roberto Aguayo,0.0,K
497,Kenyan Drake,153.2,RB
498,Austin Hooper,92.0,TE
499,Braxton Miller,0.0,WR
500,Leonte Carroo,16.8,WR
501,C.J. Prosise,1.9,RB
502,Jacoby Brissett,-0.62,QB
503,Cody Kessler,40.66,QB
504,Nick Vannett,44.9,TE
505,Connor Cook,0.0,QB
506,Chris Moore,27.3,WR
507,Tyler Higbee,41.2,TE
508,Malcolm Mitchell,0.0,WR
509,Ricardo Louis,0.0,WR
510,Pharoh Cooper,0.0,WR
511,Tyler Ervin,3.5,RB
512,Demarcus Robinson,52.8,WR
513,Kenneth Dixon,48.4,RB
514,Dak Prescott,293.9,QB
515,Devontae Booker,49.8,RB
516,Seth DeValve,13.4,TE
517,Cardale Jones,0.0,QB
518,Tajae Sharpe,45.2,WR
519,DeAndre Washington,10.4,RB
520,Paul Perkins,0.0,RB
521,Jordan Howard,160.0,RB
522,Wendell Smallwood,89.4,RB
523,Jonathan Williams,0.1,RB
524,Kevin Hogan,0.0,QB
525,Trevor Davis,0.0,WR
526,Tyreek Hill,247.0,WR
527,Alex Collins,93.6,RB
528,Rashard Higgins,79.2,WR
529,Andy Janovich,17.7,RB
530,Temarrick Hemingway,0.0,TE
531,Moritz Boehringer,0.0,TE
532,Keenan Reynolds,0.0,WR
533,Jerell Adams,0.0,TE
534,Jakeem Grant,51.3,WR
535,Nate Sudfeld,4.68,QB
536,David Morgan,3.6,TE
537,Jake Rudock,0.0,QB
538,Kolby Listenbee,0.0,WR
539,Danny Vitale,0.2,RB
540,Derek Watt,1.3,RB
541,Cody Core,24.0,WR
542,Brandon Allen,0.0,QB
543,Michael Thomas,0.0,WR
544,Jeff Driskel,87.12,QB
545,Aaron Burbridge,0.0,WR
546,Darius Jackson,1.6,RB
547,Rico Gathers,4.5,TE
548,Brandon Doughty,0.0,QB
549,Devin Lucien,0.0,WR
550,Demarcus Ayers,0.0,WR
551,Daniel Braverman,0.0,WR
552,Thomas Duarte,0.0,TE
553,Dwayne Washington,15.4,RB
554,Daniel Lasco II,0.0,RB
555,Devin Fuller,0.0,WR
556,Charone Peake,2.5,WR
557,Keith Marshall,0.0,RB
558,Beau Sandland,0.0,TE
559,Canaan Severin,0.0,WR
560,Jake McGee,0.0,TE
561,Braedon Bowman,0.0,TE
562,Kenneth Farrow,0.0,RB
563,Jamaal Jones,0.0,WR
564,Matt Weiser,0.0,TE
565,Dom Williams,0.0,WR
566,Kyle Carter,0.0,TE
567,Jhurell Pressley,0.0,RB
568,Joel Stave,0.0,QB
569,Peyton Barber,130.3,RB
570,Alan Cross,0.9,TE
571,Russell Hansbrough,0.0,RB
572,Hakeem Valles,1.1,TE
573,Josh Ferguson,0.0,RB
574,Mekale McKay,0.0,WR
575,Chester Rogers,64.1,WR
576,Tevaun Smith,0.0,WR
577,Mose Frazier,0.0,WR
578,Henry Krieger-Coble,0.0,TE
579,Kalif Raymond,0.0,WR
580,Maurice Harris,31.4,WR
581,Malachi Jones,0.0,WR
582,J.D. McKissic,0.8,RB
583,Joshua Perkins,6.7,TE
584,Nick Rose,0.0,K
585,Brandon Wilds,1.5,RB
586,J.P. Holtz,0.0,TE
587,Marcus Johnson,16.0,WR
588,Cayleb Jones,0.0,WR
589,Byron Marshall,3.9,RB
590,Hunter Sharp,0.0,WR
591,Paul Turner,0.0,WR
592,Rob Kelley,0.8,RB
593,Joe Kerridge,0.0,RB
594,Tra Carson,0.0,RB
595,Alex Erickson,16.9,WR
596,Alonzo Russell,0.0,WR
597,Taylor Bertolet,0.0,K
598,Aaron Green,0.0,RB
599,Geronimo Allison,42.3,WR
600,Joe Callahan,0.0,QB
601,David Grinnage,6.1,TE
602,Nelson Spruce,0.0,WR
603,Wil Lutz,151.0,K
604,Devon Cajuste,0.0,TE
605,Jace Billingsley,0.0,WR
606,Bryce Treggs,0.0,WR
607,Cole Wick,0.0,TE
608,Robby Anderson,106.4,WR
609,Stephen Anderson,0.0,TE
610,Jalin Marshall,0.0,WR
611,Ka'imi Fairbairn,170.0,K
612,Ross Martin,0.0,K
613,Tevin Jones,0.0,WR
614,Lawrence Thomas,0.0,RB
615,Jason Vander Laan,0.0,TE
616,Tre Madden,3.8,RB
617,Tanner McEvoy,0.0,WR
618,Marshall Koehn,0.0,K
619,Rashawn Scott,0.0,WR
620,Brandon Shippen,0.0,WR
621,Tommylee Lewis,11.0,WR
622,Roger Lewis Jr.,0.0,WR
623,Ryan Malleck,0.0,TE
624,K.J. Maye,0.0,WR
625,Darius Powe,0.0,WR
626,Josh Woodrum,0.0,QB
627,D.J. Foster,0.0,RB
628,Bryce Williams,0.0,TE
629,Andy Jones,14.0,WR
630,Marcus Tucker,0.0,WR
631,Elijhaa Penny,7.5,RB
632,Ben Braunecker,4.2,TE
633,Jonathan Brown,0.0,K
634,Alex Ellis,0.0,TE
635,Aldrick Rosas,141.0,K
636,C.J. Ham,9.3,RB
637,K.J. Brent,0.0,WR
638,Johnny Holton,0.0,WR
639,Max McCaffrey,0.0,WR
640,Ryan O'Malley,0.0,TE
641,Jaydon Mickens,0.0,WR
642,Jalen Simmons,0.0,RB
643,Jalen Richard,88.6,RB
644,Jake Lampman,0.0,WR
645,Austin Traylor,0.0,TE
646,Marquis Bundy,0.0,WR
647,Marvin Hall,20.9,WR
648,Garrett Griffin,0.0,TE
649,Sam Ficken,13.0,K
650,Kendal Thompson,0.0,WR
651,Troymaine Pope,0.0,RB
652,Cyril Grayson Jr.,0.0,WR
653,Mo Alie-Cox,25.3,TE
654,Mitchell Trubisky,275.02,QB
655,Leonard Fournette,98.4,RB
656,Corey Davis,118.6,WR
657,Mike Williams,137.2,WR
658,Christian McCaffrey,278.5,RB
659,John Ross,63.9,WR
660,Patrick Mahomes,429.08,QB
661,Deshaun Watson,340.7,QB
662,O.J. Howard,86.5,TE
663,Evan Engram,81.3,TE
664,David Njoku,87.9,TE
665,Zay Jones,109.2,WR
666,Curtis Samuel,97.8,WR
667,Dalvin Cook,112.0,RB
668,Gerald Everett,53.6,TE
669,Adam Shaheen,12.8,TE
670,Joe Mixon,200.4,RB
671,DeShone Kizer,7.38,QB
672,JuJu Smith-Schuster,185.9,WR
673,Alvin Kamara,273.2,RB
674,Cooper Kupp,95.1,WR
675,Taywan Taylor,50.6,WR
676,ArDarius Stewart,0.0,WR
677,Carlos Henderson,0.0,WR
678,Chris Godwin,126.2,WR
679,Kareem Hunt,204.2,RB
680,Davis Webb,0.0,QB
681,D'Onta Foreman,8.7,RB
682,Kenny Golladay,137.1,WR
683,Chad Williams,24.0,WR
684,Jonnu Smith,43.8,TE
685,C.J. Beathard,81.98,QB
686,James Conner,225.0,RB
687,Amara Darboh,0.0,WR
688,Dede Westbrook,113.5,WR
689,Samaje Perine,3.7,RB
690,Josh Reynolds,71.0,WR
691,Mack Hollins,0.0,WR
692,Tarik Cohen,162.94,RB
693,Joe Williams,0.0,RB
694,Michael Roberts,28.0,TE
695,Josh Malone,1.2,WR
696,Donnel Pumphrey,0.0,RB
697,Ryan Switzer,33.4,WR
698,Jamaal Williams,87.4,RB
699,Joshua Dobbs,1.82,QB
700,Jehu Chesson,0.3,WR
701,Wayne Gallman Jr.,30.5,RB
702,Chad Hansen,0.0,WR
703,Marlon Mack,161.1,RB
704,Jake Butt,8.5,TE
705,George Kittle,170.7,TE
706,Jordan Leggett,17.4,TE
707,Jake Elliott,122.0,K
708,Jeremy Sprinkle,10.1,TE
709,Brian Hill,14.6,RB
710,Jeremy McNichols,0.4,RB
711,Shelton Gibson,4.8,WR
712,Nathan Peterman,19.84,QB
713,Isaiah McKenzie,34.5,WR
714,Eric Saubert,4.8,TE
715,DeAngelo Yancey,0.0,WR
716,Trent Taylor,29.5,WR
717,T.J. Logan,3.9,RB
718,Aaron Jones,145.4,RB
719,Elijah McGuire,66.9,RB
720,Alex Armah,14.0,RB
721,Bucky Hodges,0.0,TE
722,Sam Rogers,0.0,RB
723,De'Angelo Henderson,-0.1,RB
724,Robert Davis,0.0,WR
725,Brad Kaaya,0.0,QB
726,Stacy Coley,0.0,WR
727,Zane Gonzalez,41.0,K
728,David Moore,75.0,WR
729,Harrison Butker,147.0,K
730,Isaiah Ford,0.0,WR
731,Devante Mays,0.0,RB
732,Noah Brown,5.4,WR
733,Marquez Williams,0.0,RB
734,Elijah Hood,0.0,RB
735,Khalfani Muhammad,0.0,RB
736,Malachi Dupre,0.0,WR
737,Chris Carson,181.4,RB
738,Mason Schreck,0.0,TE
739,Matt Dayes,0.0,RB
740,Chad Kelly,-0.1,QB
741,Justin Davis,1.9,RB
742,Johnny Mundt,0.5,TE
743,Austin Duke,0.0,WR
744,Fred Ross Jr.,0.0,WR
745,Scott Orndoff,0.0,TE
746,Amba Etta-Tawo,0.0,WR
747,Keelan Cole,51.1,WR
748,Tim Cook,0.0,RB
749,Travin Dural,0.0,WR
750,Sean Culkin,2.4,TE
751,Austin Ekeler,129.8,RB
752,Andre Patton,0.0,WR
753,Artavis Scott,0.0,WR
754,Josiah Price,0.0,TE
755,Deante Burton,0.0,WR
756,Alek Torgersen,0.0,QB
757,Antony Auclair,4.8,TE
758,Thomas Sperbeck,0.0,WR
759,Bobo Wilson,5.2,WR
760,Carlton Agudosi,0.0,WR
761,Krishawn Hogan,0.0,WR
762,Ricky Seals-Jones,40.3,TE
763,James Summers,0.0,RB
764,Zach Pascal,39.8,WR
765,Tim White,1.4,WR
766,Tim Patrick,37.2,WR
767,Quincy Adeboyejo,0.0,WR
768,C.J. Board,0.0,WR
769,Taquan Mizzell,15.4,RB
770,Ricky Ortiz,1.1,RB
771,Dalton Crossan,0.0,RB
772,Darrell Daniels,0.0,TE
773,Trey Griffey,0.0,WR
774,Bug Howard,0.0,WR
775,Colin Jeter,0.0,TE
776,JoJo Natson Jr.,-2.0,WR
777,Brandon Radcliff,0.0,RB
778,Phillip Walker,0.0,QB
779,Victor Bolden Jr.,1.0,WR
780,Kendrick Bourne,72.7,WR
781,Matt Breida,135.5,RB
782,K.D. Cannon,0.0,WR
783,Cole Hikutini,0.0,TE
784,Nick Mullens,133.48,QB
785,Brisly Estime,0.0,WR
786,Anthony Firkser,28.5,TE
787,Cethan Carter,0.0,TE
788,Jarveon Williams,0.0,RB
789,Jason Croom,33.9,TE
790,Brandon Reilly,0.0,WR
791,Keith Towbridge,0.0,TE
792,Michael Clark,0.0,WR
793,Montay Crockett,0.0,WR
794,Taysom Hill,31.56,QB
795,Pharaoh Brown,0.0,TE
796,Keon Hatcher,0.8,WR
797,Anthony Kukwa,0.0,TE
798,Isaac Whitney,0.0,WR
799,Malcolm Lewis,0.0,WR
800,Drew Morgan,0.0,WR
801,Francis Owusu,0.0,WR
802,De'Veon Smith,0.0,RB
803,Damore'ea Stringfellow,0.0,WR
804,Austin Carr,21.7,WR
805,LeShun Daniels Jr.,0.0,RB
806,Cody Hollister,0.0,WR
807,Jacob Hollister,5.2,TE
808,Gehrig Dieter,2.2,WR
809,Marcus Kemp,0.7,WR
810,Emanuel Byrd,0.0,TE
811,Devine Redding,0.0,RB
812,Corey Clement,59.1,RB
813,Greg Ward Jr.,0.0,WR
814,Joel Bouagnon,0.0,RB
815,Tanner Gentry,0.0,WR
816,Kermit Whitfield,0.0,WR
817,Keeon Johnson,0.0,WR
818,Travis Rudolph,0.0,WR
819,Shane Smith,0.0,RB
820,Colin Thompson,0.0,TE
821,Tyler Ferguson,0.0,QB
822,Akeem Judd,0.0,RB
823,Billy Brown,0.0,TE
824,Algernon Brown,0.0,RB
825,Tyrone Swoopes,2.3,TE
826,Brandon Barnes,0.0,TE
827,Dontez Ford,0.0,WR
828,Tion Green,0.0,RB
829,Robert Tonyan,13.7,TE
830,Brian Brown,0.0,WR
831,Blake Jarwin,48.7,TE
832,Cooper Rush,0.0,QB
833,Evan Baylis,0.0,TE
834,Zach Conque,0.0,TE
835,Riley McCarron,-2.0,WR
836,Kyle Sloter,0.0,QB
837,Reggie Davis,0.0,WR
838,Trey Edmunds,0.0,RB
839,Dare Ogunbowale,0.0,RB
840,Chris Thompson,0.0,WR
841,Justin Thomas,0.0,WR
842,Lenard Tillery,0.0,RB
843,Colby Pearson,0.0,WR
844,Alex Gray,0.0,TE
845,Dan Arnold,21.0,WR
846,Lance Lenoir,0.0,WR
847,Fred Brown,0.0,WR
848,Adam Zaruba,0.0,TE
849,Darius Victor,0.0,RB
850,Marvin Bracy,0.0,WR
851,Dan Williams III,0.0,WR
852,Rashard Davis,0.0,WR
853,Justice Liggins,0.0,WR
854,River Cracraft,2.4,WR
855,Kent Taylor,0.0,TE
856,Jevoni Robinson,0.0,TE
857,Brandon Zylstra,2.3,WR
858,Chris Bazile,0.0,TE
859,Lamar Atkins,0.0,WR
860,Baker Mayfield,254.1,QB
861,Saquon Barkley,294.8,RB
862,Sam Darnold,183.4,QB
863,Josh Allen,220.06,QB
864,Josh Rosen,126.92,QB
865,D.J. Moore,102.0,WR
866,Hayden Hurst,22.3,TE
867,Calvin Ridley,142.8,WR
868,Rashaad Penny,61.4,RB
869,Sony Michel,132.1,RB
870,Lamar Jackson,160.54,QB
871,Nick Chubb,174.5,RB
872,Ronald Jones II,13.7,RB
873,Courtland Sutton,94.3,WR
874,Mike Gesicki,18.2,TE
875,Kerryon Johnson,107.4,RB
876,Dante Pettis,76.5,WR
877,Christian Kirk,80.5,WR
878,Dallas Goedert,57.4,TE
879,Anthony Miller,87.22,WR
880,Derrius Guice,0.0,RB
881,James Washington,27.7,WR
882,D.J. Chark Jr.,15.4,WR
883,Royce Freeman,87.3,RB
884,Mason Rudolph,0.0,QB
885,Michael Gallup,64.7,WR
886,Mark Andrews,73.2,TE
887,Tre'Quan Smith,72.7,WR
888,Jordan Akins,22.5,TE
889,Ian Thomas,45.3,TE
890,Keke Coutee,34.7,WR
891,Nyheim Hines,97.9,RB
892,Antonio Callaway,89.3,WR
893,Chris Herndon,74.2,TE
894,Kyle Lauletta,-1.2,QB
895,Mark Walton,7.5,RB
896,DaeSean Hamilton,36.3,WR
897,Will Dissly,27.6,TE
898,Durham Smythe,5.0,TE
899,Ito Smith,70.7,RB
900,Kalen Ballage,28.7,RB
901,Jaleel Scott,0.0,WR
902,J'Mon Moore,-0.5,WR
903,Chase Edmonds,43.1,RB
904,Dalton Schultz,11.6,TE
905,Justin Watson,0.5,WR
906,Troy Fumagalli,0.0,TE
907,Tyler Conklin,7.7,TE
908,Reece Fountain,0.0,WR
909,Jordan Lasley,0.0,WR
910,Jaylen Samuels,63.5,RB
911,Daniel Carlson,90.0,K
912,Jordan Wilkins,44.1,RB
913,Mike White,0.0,QB
914,Marquez Valdes-Scantling,73.0,WR
915,John Kelly,10.1,RB
916,Damion Ratley,14.4,WR
917,Deon Cain,0.0,WR
918,Ray-Ray McCloud III,2.0,WR
919,Dylan Cantrell,0.0,WR
920,Russell Gage,6.3,WR
921,Luke Falk,0.0,QB
922,Boston Scott,0.0,RB
923,Tanner Lee,0.0,QB
924,Trenton Cannon,31.7,RB
925,Equanimeous St. Brown,33.3,WR
926,Cedrick Wilson,0.0,WR
927,Braxton Berrios,0.0,WR
928,Jordan Thomas,45.5,TE
929,Danny Etling,0.0,QB
930,Alex McGough,0.0,QB
931,Javon Wims,3.2,WR
932,David Williams,3.6,RB
933,Marcell Ateman,21.4,WR
934,Jason Sanders,98.0,K
935,Bo Scarbrough,0.0,RB
936,Nick Bawden,0.0,RB
937,Richie James Jr.,23.0,WR
938,Logan Woodside,0.0,QB
939,Ryan Izzo,0.0,TE
940,Justin Jackson,46.1,RB
941,Auden Tate,3.5,WR
942,Austin Proehl,0.0,WR
943,Trey Quinn,13.5,WR
944,Jeff Badet,0.0,WR
945,Mike Boone,4.8,RB
946,Armanti Foreman,0.0,WR
947,Tyler Hoppes,0.0,TE
948,Kamryn Pettway,0.0,RB
949,Peter Pujals,0.0,QB
950,Korey Robertson,0.0,WR
951,Roc Thomas,5.1,RB
952,Jake Wieneke,0.0,WR
953,Andre Levrone,0.0,WR
954,Jaelon Acklin,0.0,WR
955,Austin Allen,0.0,QB
956,Sergio Bailey II,0.0,WR
957,Donnie Ernsberger,0.0,TE
958,Tanner Hudson,0.0,RB
959,Trevor Moore,0.0,K
960,Allen Lazard,0.7,WR
961,Dorren Miller,0.0,WR
962,Erv Philips,0.0,WR
963,Jason Reese,0.0,TE
964,Shaun Wilson,3.4,RB
965,Dalton Sturm,0.0,QB
966,Jordan Chunn,0.0,RB
967,Malik Earl,0.0,WR
968,Marchie Murdock,0.0,WR
969,David Wells,0.0,TE
970,Alec Bloom,0.0,TE
971,Kyle Allen,26.54,QB
972,Reggie Bonnafon,0.0,RB
973,Charles Kanoff,0.0,QB
974,Matt McCrane,36.0,K
975,Austin Ramesh,0.0,RB
976,Trent Sherfield,27.0,WR
977,Jalen Tolliver,3.7,WR
978,Jonah Trinnaman,0.0,WR
979,Andrew Vollert,0.0,TE
980,Corey Willis,0.0,WR
981,Steven Dunbar Jr.,0.0,WR
982,Ross Dwelley,1.4,TE
983,Jack Heneghan,0.0,QB
984,Christopher Ezeala,0.0,RB
985,Kurt Benkert,0.0,QB
986,Demario Richard,0.0,RB
987,Justin Crawford,0.0,RB
988,Malik Williams,0.0,RB
989,Daniel Marx,0.0,RB
990,Luke McNitt,0.0,RB
991,Jake Roh,0.0,TE
992,Troy Mangen,0.0,TE
993,Christian Blake,0.0,WR
994,Detrich Clark,0.0,WR
995,Devin Gray,0.0,WR
996,Dontez Byrd,0.0,WR
997,Lamar Jordan,0.0,WR
998,David Marvin,0.0,K
999,Christian Scotland-Williamson,0.0,TE
1000,J.T. Barrett IV,0.0,QB
1001,Michael Badgley,79.0,K
1002,Steve Ishmael,0.0,WR
1003,John Diarse,0.0,WR
1004,Phillip Lindsay,187.8,RB
1005,Jimmy Williams III,0.0,WR
1006,Ricky Jeune,0.0,WR
1007,LaQuvionte Gonzalez,0.0,WR
1008,Steven Mitchell Jr.,0.0,WR
1009,Jeff Wilson Jr.,32.4,RB
1010,Martez Carter,0.0,RB
1011,Simmie Cobbs Jr.,0.0,WR
1012,Shay Fields,0.0,WR
1013,Matt Flanagan,1.4,TE
1014,Mikah Holder,0.0,WR
1015,De'Mornay Pierson-El,0.0,WR
1016,Cam Sims,0.0,WR
1017,Elijah Wellman,0.0,RB
1018,Nate Wozniak,0.0,TE
1019,Mark Thompson,0.0,RB
1020,Gus Edwards,87.8,RB
1021,De'Lance Turner,2.1,RB
1022,Nick Keizer,0.0,TE
1023,Tim Boyle,0.0,QB
1024,Kevin Rader,0.0,TE
1025,Dimitri Flowers,0.0,RB
1026,Evan Berry,0.0,WR
1027,Dontrell Hilliard,9.5,RB
1028,Da'Mari Scott,0.0,WR
1029,Derrick Willies,6.1,WR
1030,Ka'Raun White,0.0,WR
1031,Caleb Scott,0.0,WR
1032,Taj Williams,0.0,WR
1033,Marcus Martin,0.0,RB
1034,Khalid Hill,0.0,RB
1035,Marcus Baugh,0.0,TE
1036,Saeed Blacknall,0.0,WR
1037,Eddy Pineiro,0.0,K
1038,Nick Sharga,0.0,RB
1039,Jarvion Franklin,0.0,RB
1040,Quadree Henderson,0.0,WR
1041,Chase Litton,0.0,QB
1042,Blake Mack,0.0,TE
1043,Elijah Marks,0.0,WR
1044,J.D. Moore,0.0,RB
1045,Byron Pringle,0.0,WR
1046,Darrel Williams,13.1,RB
1047,Ryan Smith,0.0,TE
1048,Julian Allen,0.0,TE
1049,Janarion Grant,0.0,WR
1050,Chad Beebe,3.9,WR
1051,Johnny Stanton,0.0,RB
1052,Henry Poggi,0.0,RB
1053,Chris Warren III,0.0,RB
1054,Paul Butler,0.0,TE
1055,Keith Kirkwood,32.9,WR
1056,Deon Yelder,0.0,TE
1057,Jordan Smallwood,0.0,WR
1058,Pharoah McKever,0.0,TE
1059,Buddy Howell,0.0,RB
1060,Greg Joseph,83.0,K
1061,Quincy Redmon,0.0,WR
1062,Stephen Baggett,0.0,TE
1063,Jawill Davis,4.0,WR
1064,Devonte Boyd,0.0,WR
1065,Quinton Flowers,0.0,RB
1066,Jordan Franks,3.7,TE
1067,Ray Lawry,0.0,RB
1068,Josh Adams,74.9,RB
1069,Anthony Mahoungou,0.0,WR
1070,Lavon Coleman,0.0,RB
1071,Vyncint Smith,15.1,WR
1072,Terry Swanson,0.0,RB
1073,Jester Weah,0.0,WR
1074,Keith Ford,10.0,RB
1075,Cam Phillips,0.9,WR
1076,Robert Foster,72.1,WR
1077,Tyler Davis,0.0,K
1078,Elijaah Goins,0.0,WR
1079,Dalyn Dawkins,0.0,RB
1080,Larry Rose III,0.0,RB
1081,Akrum Wadley,0.0,RB
1082,Cameron Batson,8.3,WR
1083,Deontay Burnett,14.3,WR
1084,Devin Ross,0.0,WR
1085,Jordan Veasy,0.0,WR
1086,Ethan Wolf,0.0,TE
1087,DeAndre Goolsby,0.0,TE
1088,Kyle Lewis,0.0,RB
1089,Brandon Powell,13.3,WR
1090,Teo Redding,0.0,WR
1091,Darren Andrews,0.0,WR
1092,Chris Lacy,0.0,WR
1093,Ralph Webb,0.0,RB
1094,Shane Wimann,0.0,TE
1095,Dejon Allen,0.0,TE
1096,Garrett Johnson,0.0,WR
1097,Ryan Nall,0.0,RB
1098,Shaq Roland,0.0,WR
1099,Cole Hunt,0.0,TE
1100,Ben Johnson,0.0,TE
1101,J.J. Jones,-1.7,WR
1102,Anthony Manzo-Lewis,0.0,RB
1103,Detrez Newsome,6.8,RB
1104,Nic Shimonek,0.0,QB
1105,Brogan Roback,0.0,QB
1106,Zach Olstad,0.0,RB
1107,Damoun Patterson,0.0,WR
1108,Robert Martin,0.0,RB
1109,Deontez Alexander,0.0,WR
1110,Matt Fleming,0.0,WR
1111,Ryan Yurachek,0.0,RB
1112,C.J. Duncan,0.0,WR
1113,Tim Wilson,0.0,WR
1114,Clayton Wilson,0.0,TE
1115,Darvin Kidsy,0.8,WR
1116,Nick Holley,0.0,RB
1117,Codey McElroy,0.0,WR
1118,Luis Perez,0.0,QB
1119,Davon Grayson,0.0,WR
1120,Eldridge Massington,0.0,WR
1121,Nick Stevens,0.0,QB
1122,Kayaune Ross,0.0,WR
1123,Garrett Hudson,0.0,TE
1124,Austin Roberts,0.0,TE
1125,Sherman Badie,0.0,RB
1126,Jaeden Graham,0.0,TE
1127,Garrett Dickerson,0.0,TE
1128,Josh Crockett,0.0,WR
1129,Josh Smith,0.0,WR
1130,Aaron Lacombe,0.0,WR
1131,KhaDarel Hodge,1.7,WR
1132,Cam Serigne,0.0,TE
1133,Adonis Jennings,0.0,WR
1134,Jared Murphy,0.0,WR
1135,Mark Chapman,0.0,WR
1136,Blake Jackson,0.0,WR
1137,Malik Turner,2.0,WR
1138,James Butler,0.0,RB
1139,Marcus Peterson,0.0,WR
1140,Bryce Bobo,0.0,WR
1141,Gerald Holmes,0.0,RB
1142,Austin Wolf,0.0,WR
1143,Darren Carrington II,0.0,WR
1144,Justin Stockton,0.0,RB
1145,Darius Prince,0.0,WR
1146,Allenzae Staggers,0.0,WR
1147,Kobe McCrary,0.0,RB
1148,Julian Williams,0.0,WR
1149,John Wolford,0.0,QB
1150,Connor Jessop,0.0,QB
1151,Ja'Quan Gardner,0.0,RB
1152,Atlanta,81.0,DEF
1153,Buffalo,107.0,DEF
1154,Chicago,187.0,DEF
1155,Cincinnati,86.0,DEF
1156,Cleveland,102.0,DEF
1157,Dallas,98.0,DEF
1158,Denver,132.0,DEF
1159,Detroit,100.0,DEF
1160,Green Bay,95.0,DEF
1161,Tennessee,119.0,DEF
1162,Indianapolis,120.0,DEF
1163,Kansas City,132.0,DEF
1164,Oakland,47.0,DEF
1165,Los Angeles,154.0,DEF
1166,Miami,120.0,DEF
1167,Minnesota,124.0,DEF
1168,New England,139.0,DEF
1169,New Orleans,112.0,DEF
1170,New York,84.0,DEF
1171,New York,109.0,DEF
1172,Philadelphia,97.0,DEF
1173,Arizona,105.0,DEF
1174,Pittsburgh,116.0,DEF
1175,Los Angeles,110.0,DEF
1176,San Francisco,58.0,DEF
1177,Seattle,123.0,DEF
1178,Tampa Bay,68.0,DEF
1179,Washington,120.0,DEF
1180,Carolina,90.0,DEF
1181,Jacksonville,115.0,DEF
1182,Baltimore,132.0,DEF
1183,Houston,148.0,DEF
